INSERT INTO public.accrual_type (id, name) VALUES (2, 'vacation');
INSERT INTO public.accrual_type (id, name) VALUES (1, 'salary');
INSERT INTO public.accruals (id, accrual_type_id, sum, date, days, employee_id) VALUES (1, 1, 600, '2020-11-01', 25, 1);
INSERT INTO public.accruals (id, accrual_type_id, sum, date, days, employee_id) VALUES (2, 1, 2797, '2020-11-01', 22, 2);
INSERT INTO public.accruals (id, accrual_type_id, sum, date, days, employee_id) VALUES (3, 1, 1556, '2020-11-01', 22, 3);
INSERT INTO public.accruals (id, accrual_type_id, sum, date, days, employee_id) VALUES (4, 1, 1149, '2020-11-01', 22, 4);
INSERT INTO public.accruals (id, accrual_type_id, sum, date, days, employee_id) VALUES (5, 1, 1059, '2020-11-01', 22, 5);
INSERT INTO public.accruals (id, accrual_type_id, sum, date, days, employee_id) VALUES (6, 1, 3536, '2020-11-01', 22, 6);
INSERT INTO public.accruals (id, accrual_type_id, sum, date, days, employee_id) VALUES (7, 1, 574, '2020-11-01', 22, 7);
INSERT INTO public.accruals (id, accrual_type_id, sum, date, days, employee_id) VALUES (8, 1, 1396, '2020-11-01', 22, 8);
INSERT INTO public.accruals (id, accrual_type_id, sum, date, days, employee_id) VALUES (9, 1, 4525, '2020-11-01', 22, 9);
INSERT INTO public.accruals (id, accrual_type_id, sum, date, days, employee_id) VALUES (10, 1, 4522, '2020-11-01', 22, 10);
INSERT INTO public.employees (id, name, surname, middle_name, personnel_number, position_id, passport_number, identification_code, start_date, personal_salary_allowance) VALUES (1, 'Luke ', 'Watkins', 'Menzie', '656181', 1, 'P17902148', 607324977, '2020-11-21', 100);
INSERT INTO public.employees (id, name, surname, middle_name, personnel_number, position_id, passport_number, identification_code, start_date, personal_salary_allowance) VALUES (2, 'Eugene ', 'Henry', 'Reese', '922887', 3, 'P13044128', 774922851, '2018-07-05', 200);
INSERT INTO public.employees (id, name, surname, middle_name, personnel_number, position_id, passport_number, identification_code, start_date, personal_salary_allowance) VALUES (3, 'Lane', 'Quinn', 'Lawson', '420773', 2, 'P85347268', 449175655, '2019-08-17', 400);
INSERT INTO public.employees (id, name, surname, middle_name, personnel_number, position_id, passport_number, identification_code, start_date, personal_salary_allowance) VALUES (4, 'Amber ', 'Ryan', 'Fields', '421104', 5, 'P21582446', 814194155, '2019-05-18', 200);
INSERT INTO public.employees (id, name, surname, middle_name, personnel_number, position_id, passport_number, identification_code, start_date, personal_salary_allowance) VALUES (5, 'Halsey ', 'Garraway', 'Wood', '782639', 7, 'P63403870', 958329523, '2019-11-01', 500);
INSERT INTO public.employees (id, name, surname, middle_name, personnel_number, position_id, passport_number, identification_code, start_date, personal_salary_allowance) VALUES (6, 'Samson ', 'Shepard', null, '410923', 6, 'P87378154', 925774069, '2018-08-17', 300);
INSERT INTO public.employees (id, name, surname, middle_name, personnel_number, position_id, passport_number, identification_code, start_date, personal_salary_allowance) VALUES (7, 'Vanessa ', 'Cross', 'Armstrong', '410309', 4, 'P76222024', 552343020, '2018-07-13', 100);
INSERT INTO public.employees (id, name, surname, middle_name, personnel_number, position_id, passport_number, identification_code, start_date, personal_salary_allowance) VALUES (8, 'Emily', 'Hum', 'Ford', '819537', 2, 'P93111514', 670237705, '2018-07-07', 200);
INSERT INTO public.employees (id, name, surname, middle_name, personnel_number, position_id, passport_number, identification_code, start_date, personal_salary_allowance) VALUES (9, 'Buck', 'Allen', null, '497130', 8, 'P64197655', 543188025, '2017-12-23', 300);
INSERT INTO public.employees (id, name, surname, middle_name, personnel_number, position_id, passport_number, identification_code, start_date, personal_salary_allowance) VALUES (10, 'Bob', 'Martin', null, '487330', 9, 'P64197645', 233188025, '2017-12-08', 400);
INSERT INTO public.employees (id, name, surname, middle_name, personnel_number, position_id, passport_number, identification_code, start_date, personal_salary_allowance) VALUES (11, 'Josh', 'Allen', 'Tailor', '923730', 10, 'P64102845', 145988025, '2017-12-02', 200);
INSERT INTO public.positions (id, position_name, salary, standard_vacation) VALUES (1, 'junior_engineer', 500, 20);
INSERT INTO public.positions (id, position_name, salary, standard_vacation) VALUES (2, 'middle_engineer', 1500, 24);
INSERT INTO public.positions (id, position_name, salary, standard_vacation) VALUES (3, 'senior_engineer', 3200, 30);
INSERT INTO public.positions (id, position_name, salary, standard_vacation) VALUES (4, 'hr_manager', 600, 20);
INSERT INTO public.positions (id, position_name, salary, standard_vacation) VALUES (5, 'project_manager', 1200, 28);
INSERT INTO public.positions (id, position_name, salary, standard_vacation) VALUES (6, 'team_lead', 4000, 30);
INSERT INTO public.positions (id, position_name, salary, standard_vacation) VALUES (7, 'marketing_manager', 800, 27);
INSERT INTO public.positions (id, position_name, salary, standard_vacation) VALUES (8, 'CEO', 5200, 42);
INSERT INTO public.positions (id, position_name, salary, standard_vacation) VALUES (9, 'CPO', 5100, 42);
INSERT INTO public.positions (id, position_name, salary, standard_vacation) VALUES (10, 'COO', 5000, 42);
INSERT INTO public.premium_types (id, number_of_years, accrual_to_salary, accrual_to_vacation) VALUES (1, 5, 3, 2);
INSERT INTO public.premium_types (id, number_of_years, accrual_to_salary, accrual_to_vacation) VALUES (2, 10, 5, 4);
INSERT INTO public.premium_types (id, number_of_years, accrual_to_salary, accrual_to_vacation) VALUES (3, 15, 10, 7);
INSERT INTO public.premium_types (id, number_of_years, accrual_to_salary, accrual_to_vacation) VALUES (4, 20, 15, 10);
INSERT INTO public.premium_types (id, number_of_years, accrual_to_salary, accrual_to_vacation) VALUES (5, 25, 30, 12);
INSERT INTO public.vacation_history (id, employee_id, vacation_start, vacation_end, vacation_left) VALUES (2, 2, '2020-11-10', '2020-11-12', 30);
INSERT INTO public.vacation_history (id, employee_id, vacation_start, vacation_end, vacation_left) VALUES (3, 3, '2020-07-15', '2020-07-18', 23);
INSERT INTO public.vacation_history (id, employee_id, vacation_start, vacation_end, vacation_left) VALUES (4, 4, '2019-11-05', '2019-11-07', 28);
INSERT INTO public.vacation_history (id, employee_id, vacation_start, vacation_end, vacation_left) VALUES (5, 5, '2020-06-11', '2020-06-20', 20);
INSERT INTO public.vacation_history (id, employee_id, vacation_start, vacation_end, vacation_left) VALUES (6, 6, '2020-11-17', '2020-11-20', 29);
INSERT INTO public.vacation_history (id, employee_id, vacation_start, vacation_end, vacation_left) VALUES (80, 2, '2020-11-28', '2020-11-30', 28);
INSERT INTO public.vacation_history (id, employee_id, vacation_start, vacation_end, vacation_left) VALUES (83, 3, '2020-10-29', '2020-10-30', 22);
INSERT INTO public.vacation_history (id, employee_id, vacation_start, vacation_end, vacation_left) VALUES (84, 3, '2020-09-29', '2020-09-30', 21);
INSERT INTO public.vacation_history (id, employee_id, vacation_start, vacation_end, vacation_left) VALUES (85, 3, '2020-11-29', '2020-11-30', 20);